timestamp,value,metric,unit,interval,network,fetch_timestamp,dataset_type
2025-09-19 03:00:00+10:00,231536.35,power,MW,1h,NEM,2025-10-19 02:29:50.625812,hourly_1month
2025-09-19 04:00:00+10:00,234235.47,power,MW,1h,NEM,2025-10-19 02:29:50.625812,hourly_1month
2025-09-19 05:00:00+10:00,245954.89,power,MW,1h,NEM,2025-10-19 02:29:50.625812,hourly_1month
2025-09-19 06:00:00+10:00,268293.1,power,MW,1h,NEM,2025-10-19 02:29:50.625812,hourly_1month
2025-09-19 07:00:00+10:00,270728.33,power,MW,1h,NEM,2025-10-19 02:29:50.625812,hourly_1month
2025-09-19 08:00:00+10:00,250251.73,power,MW,1h,NEM,2025-10-19 02:29:50.625812,hourly_1month
2025-09-19 09:00:00+10:00,225309.68,power,MW,1h,NEM,2025-10-19 02:29:50.625812,hourly_1month
2025-09-19 10:00:00+10:00,219080.97,power,MW,1h,NEM,2025-10-19 02:29:50.625812,hourly_1month
2025-09-19 11:00:00+10:00,209193.1,power,MW,1h,NEM,2025-10-19 02:29:50.625812,hourly_1month
2025-09-19 12:00:00+10:00,198844.32,power,MW,1h,NEM,2025-10-19 02:29:50.625812,hourly_1month
2025-09-19 13:00:00+10:00,202521.34,power,MW,1h,NEM,2025-10-19 02:29:50.625812,hourly_1month
2025-09-19 14:00:00+10:00,216606.36,power,MW,1h,NEM,2025-10-19 02:29:50.625812,hourly_1month
2025-09-19 15:00:00+10:00,238092.43,power,MW,1h,NEM,2025-10-19 02:29:50.625812,hourly_1month
2025-09-19 16:00:00+10:00,264234.78,power,MW,1h,NEM,2025-10-19 02:29:50.625812,hourly_1month
2025-09-19 17:00:00+10:00,295849.56,power,MW,1h,NEM,2025-10-19 02:29:50.625812,hourly_1month
2025-09-19 18:00:00+10:00,316601.6,power,MW,1h,NEM,2025-10-19 02:29:50.625812,hourly_1month
2025-09-19 19:00:00+10:00,310024.99,power,MW,1h,NEM,2025-10-19 02:29:50.625812,hourly_1month
2025-09-19 20:00:00+10:00,296746.37,power,MW,1h,NEM,2025-10-19 02:29:50.625812,hourly_1month
2025-09-19 21:00:00+10:00,289977.45,power,MW,1h,NEM,2025-10-19 02:29:50.625812,hourly_1month
2025-09-19 22:00:00+10:00,275042.41,power,MW,1h,NEM,2025-10-19 02:29:50.625812,hourly_1month
2025-09-19 23:00:00+10:00,264423.94,power,MW,1h,NEM,2025-10-19 02:29:50.625812,hourly_1month
2025-09-20 00:00:00+10:00,253295.31,power,MW,1h,NEM,2025-10-19 02:29:50.625812,hourly_1month
2025-09-20 01:00:00+10:00,243650.22,power,MW,1h,NEM,2025-10-19 02:29:50.625812,hourly_1month
2025-09-20 02:00:00+10:00,233796.79,power,MW,1h,NEM,2025-10-19 02:29:50.625812,hourly_1month
2025-09-20 03:00:00+10:00,226518.78,power,MW,1h,NEM,2025-10-19 02:29:50.625812,hourly_1month
2025-09-20 04:00:00+10:00,225248.11,power,MW,1h,NEM,2025-10-19 02:29:50.625812,hourly_1month
2025-09-20 05:00:00+10:00,231119.88,power,MW,1h,NEM,2025-10-19 02:29:50.625812,hourly_1month
2025-09-20 06:00:00+10:00,236665.82,power,MW,1h,NEM,2025-10-19 02:29:50.625812,hourly_1month
2025-09-20 07:00:00+10:00,230651.56,power,MW,1h,NEM,2025-10-19 02:29:50.625812,hourly_1month
2025-09-20 08:00:00+10:00,227808.92,power,MW,1h,NEM,2025-10-19 02:29:50.625812,hourly_1month
2025-09-20 09:00:00+10:00,230911.96,power,MW,1h,NEM,2025-10-19 02:29:50.625812,hourly_1month
2025-09-20 10:00:00+10:00,219246.27,power,MW,1h,NEM,2025-10-19 02:29:50.625812,hourly_1month
2025-09-20 11:00:00+10:00,218080.9,power,MW,1h,NEM,2025-10-19 02:29:50.625812,hourly_1month
2025-09-20 12:00:00+10:00,211015.45,power,MW,1h,NEM,2025-10-19 02:29:50.625812,hourly_1month
2025-09-20 13:00:00+10:00,209181.95,power,MW,1h,NEM,2025-10-19 02:29:50.625812,hourly_1month
2025-09-20 14:00:00+10:00,212449.32,power,MW,1h,NEM,2025-10-19 02:29:50.625812,hourly_1month
2025-09-20 15:00:00+10:00,231163.85,power,MW,1h,NEM,2025-10-19 02:29:50.625812,hourly_1month
2025-09-20 16:00:00+10:00,250839.83,power,MW,1h,NEM,2025-10-19 02:29:50.625812,hourly_1month
2025-09-20 17:00:00+10:00,282513.0,power,MW,1h,NEM,2025-10-19 02:29:50.625812,hourly_1month
2025-09-20 18:00:00+10:00,307511.79,power,MW,1h,NEM,2025-10-19 02:29:50.625812,hourly_1month
2025-09-20 19:00:00+10:00,300830.0,power,MW,1h,NEM,2025-10-19 02:29:50.625812,hourly_1month
2025-09-20 20:00:00+10:00,291227.28,power,MW,1h,NEM,2025-10-19 02:29:50.625812,hourly_1month
2025-09-20 21:00:00+10:00,283509.93,power,MW,1h,NEM,2025-10-19 02:29:50.625812,hourly_1month
2025-09-20 22:00:00+10:00,270890.08,power,MW,1h,NEM,2025-10-19 02:29:50.625812,hourly_1month
2025-09-20 23:00:00+10:00,259951.5,power,MW,1h,NEM,2025-10-19 02:29:50.625812,hourly_1month
2025-09-21 00:00:00+10:00,248370.39,power,MW,1h,NEM,2025-10-19 02:29:50.625812,hourly_1month
2025-09-21 01:00:00+10:00,238054.31,power,MW,1h,NEM,2025-10-19 02:29:50.625812,hourly_1month
2025-09-21 02:00:00+10:00,229931.93,power,MW,1h,NEM,2025-10-19 02:29:50.625812,hourly_1month
2025-09-21 03:00:00+10:00,224401.86,power,MW,1h,NEM,2025-10-19 02:29:50.625812,hourly_1month
2025-09-21 04:00:00+10:00,225053.57,power,MW,1h,NEM,2025-10-19 02:29:50.625812,hourly_1month
2025-09-21 05:00:00+10:00,225055.83,power,MW,1h,NEM,2025-10-19 02:29:50.625812,hourly_1month
2025-09-21 06:00:00+10:00,224280.59,power,MW,1h,NEM,2025-10-19 02:29:50.625812,hourly_1month
2025-09-21 07:00:00+10:00,221822.24,power,MW,1h,NEM,2025-10-19 02:29:50.625812,hourly_1month
2025-09-21 08:00:00+10:00,217960.51,power,MW,1h,NEM,2025-10-19 02:29:50.625812,hourly_1month
2025-09-21 09:00:00+10:00,208607.31,power,MW,1h,NEM,2025-10-19 02:29:50.625812,hourly_1month
2025-09-21 10:00:00+10:00,199570.51,power,MW,1h,NEM,2025-10-19 02:29:50.625812,hourly_1month
2025-09-21 11:00:00+10:00,194243.57,power,MW,1h,NEM,2025-10-19 02:29:50.625812,hourly_1month
2025-09-21 12:00:00+10:00,195092.29,power,MW,1h,NEM,2025-10-19 02:29:50.625812,hourly_1month
2025-09-21 13:00:00+10:00,199822.74,power,MW,1h,NEM,2025-10-19 02:29:50.625812,hourly_1month
2025-09-21 14:00:00+10:00,203437.65,power,MW,1h,NEM,2025-10-19 02:29:50.625812,hourly_1month
2025-09-21 15:00:00+10:00,226170.82,power,MW,1h,NEM,2025-10-19 02:29:50.625812,hourly_1month
2025-09-21 16:00:00+10:00,247041.3,power,MW,1h,NEM,2025-10-19 02:29:50.625812,hourly_1month
2025-09-21 17:00:00+10:00,283572.22,power,MW,1h,NEM,2025-10-19 02:29:50.625812,hourly_1month
2025-09-21 18:00:00+10:00,319096.6,power,MW,1h,NEM,2025-10-19 02:29:50.625812,hourly_1month
2025-09-21 19:00:00+10:00,310172.1,power,MW,1h,NEM,2025-10-19 02:29:50.625812,hourly_1month
2025-09-21 20:00:00+10:00,297019.98,power,MW,1h,NEM,2025-10-19 02:29:50.625812,hourly_1month
2025-09-21 21:00:00+10:00,282713.39,power,MW,1h,NEM,2025-10-19 02:29:50.625812,hourly_1month
2025-09-21 22:00:00+10:00,266129.78,power,MW,1h,NEM,2025-10-19 02:29:50.625812,hourly_1month
2025-09-21 23:00:00+10:00,255477.32,power,MW,1h,NEM,2025-10-19 02:29:50.625812,hourly_1month
2025-09-22 00:00:00+10:00,245641.44,power,MW,1h,NEM,2025-10-19 02:29:50.625812,hourly_1month
2025-09-22 01:00:00+10:00,238454.89,power,MW,1h,NEM,2025-10-19 02:29:50.625812,hourly_1month
2025-09-22 02:00:00+10:00,230536.11,power,MW,1h,NEM,2025-10-19 02:29:50.625812,hourly_1month
2025-09-22 03:00:00+10:00,227232.88,power,MW,1h,NEM,2025-10-19 02:29:50.625812,hourly_1month
2025-09-22 04:00:00+10:00,228952.09,power,MW,1h,NEM,2025-10-19 02:29:50.625812,hourly_1month
2025-09-22 05:00:00+10:00,245278.59,power,MW,1h,NEM,2025-10-19 02:29:50.625812,hourly_1month
2025-09-22 06:00:00+10:00,266912.76,power,MW,1h,NEM,2025-10-19 02:29:50.625812,hourly_1month
2025-09-22 07:00:00+10:00,263813.57,power,MW,1h,NEM,2025-10-19 02:29:50.625812,hourly_1month
2025-09-22 08:00:00+10:00,246466.78,power,MW,1h,NEM,2025-10-19 02:29:50.625812,hourly_1month
2025-09-22 09:00:00+10:00,226355.59,power,MW,1h,NEM,2025-10-19 02:29:50.625812,hourly_1month
2025-09-22 10:00:00+10:00,213218.92,power,MW,1h,NEM,2025-10-19 02:29:50.625812,hourly_1month
2025-09-22 11:00:00+10:00,208919.65,power,MW,1h,NEM,2025-10-19 02:29:50.625812,hourly_1month
2025-09-22 12:00:00+10:00,215086.82,power,MW,1h,NEM,2025-10-19 02:29:50.625812,hourly_1month
2025-09-22 13:00:00+10:00,221557.79,power,MW,1h,NEM,2025-10-19 02:29:50.625812,hourly_1month
2025-09-22 14:00:00+10:00,220598.86,power,MW,1h,NEM,2025-10-19 02:29:50.625812,hourly_1month
2025-09-22 15:00:00+10:00,244838.14,power,MW,1h,NEM,2025-10-19 02:29:50.625812,hourly_1month
2025-09-22 16:00:00+10:00,271425.36,power,MW,1h,NEM,2025-10-19 02:29:50.625812,hourly_1month
2025-09-22 17:00:00+10:00,305668.64,power,MW,1h,NEM,2025-10-19 02:29:50.625812,hourly_1month
2025-09-22 18:00:00+10:00,346172.76,power,MW,1h,NEM,2025-10-19 02:29:50.625812,hourly_1month
2025-09-22 19:00:00+10:00,340929.27,power,MW,1h,NEM,2025-10-19 02:29:50.625812,hourly_1month
2025-09-22 20:00:00+10:00,326681.09,power,MW,1h,NEM,2025-10-19 02:29:50.625812,hourly_1month
2025-09-22 21:00:00+10:00,305537.44,power,MW,1h,NEM,2025-10-19 02:29:50.625812,hourly_1month
2025-09-22 22:00:00+10:00,285867.99,power,MW,1h,NEM,2025-10-19 02:29:50.625812,hourly_1month
2025-09-22 23:00:00+10:00,270462.68,power,MW,1h,NEM,2025-10-19 02:29:50.625812,hourly_1month
2025-09-23 00:00:00+10:00,259482.27,power,MW,1h,NEM,2025-10-19 02:29:50.625812,hourly_1month
2025-09-23 01:00:00+10:00,248288.05,power,MW,1h,NEM,2025-10-19 02:29:50.625812,hourly_1month
2025-09-23 02:00:00+10:00,240110.83,power,MW,1h,NEM,2025-10-19 02:29:50.625812,hourly_1month
2025-09-23 03:00:00+10:00,237306.36,power,MW,1h,NEM,2025-10-19 02:29:50.625812,hourly_1month
2025-09-23 04:00:00+10:00,241095.65,power,MW,1h,NEM,2025-10-19 02:29:50.625812,hourly_1month
2025-09-23 05:00:00+10:00,254042.99,power,MW,1h,NEM,2025-10-19 02:29:50.625812,hourly_1month
2025-09-23 06:00:00+10:00,275316.33,power,MW,1h,NEM,2025-10-19 02:29:50.625812,hourly_1month
2025-09-23 07:00:00+10:00,272031.63,power,MW,1h,NEM,2025-10-19 02:29:50.625812,hourly_1month
2025-09-23 08:00:00+10:00,249120.4,power,MW,1h,NEM,2025-10-19 02:29:50.625812,hourly_1month
2025-09-23 09:00:00+10:00,218503.7,power,MW,1h,NEM,2025-10-19 02:29:50.625812,hourly_1month
2025-09-23 10:00:00+10:00,205756.43,power,MW,1h,NEM,2025-10-19 02:29:50.625812,hourly_1month
2025-09-23 11:00:00+10:00,200039.61,power,MW,1h,NEM,2025-10-19 02:29:50.625812,hourly_1month
2025-09-23 12:00:00+10:00,199010.49,power,MW,1h,NEM,2025-10-19 02:29:50.625812,hourly_1month
2025-09-23 13:00:00+10:00,200769.07,power,MW,1h,NEM,2025-10-19 02:29:50.625812,hourly_1month
2025-09-23 14:00:00+10:00,215024.78,power,MW,1h,NEM,2025-10-19 02:29:50.625812,hourly_1month
2025-09-23 15:00:00+10:00,234723.07,power,MW,1h,NEM,2025-10-19 02:29:50.625812,hourly_1month
2025-09-23 16:00:00+10:00,258609.39,power,MW,1h,NEM,2025-10-19 02:29:50.625812,hourly_1month
2025-09-23 17:00:00+10:00,298135.79,power,MW,1h,NEM,2025-10-19 02:29:50.625812,hourly_1month
2025-09-23 18:00:00+10:00,333914.45,power,MW,1h,NEM,2025-10-19 02:29:50.625812,hourly_1month
2025-09-23 19:00:00+10:00,327941.52,power,MW,1h,NEM,2025-10-19 02:29:50.625812,hourly_1month
2025-09-23 20:00:00+10:00,316331.87,power,MW,1h,NEM,2025-10-19 02:29:50.625812,hourly_1month
2025-09-23 21:00:00+10:00,303557.75,power,MW,1h,NEM,2025-10-19 02:29:50.625812,hourly_1month
2025-09-23 22:00:00+10:00,281935.24,power,MW,1h,NEM,2025-10-19 02:29:50.625812,hourly_1month
2025-09-23 23:00:00+10:00,266742.07,power,MW,1h,NEM,2025-10-19 02:29:50.625812,hourly_1month
2025-09-24 00:00:00+10:00,258520.42,power,MW,1h,NEM,2025-10-19 02:29:50.625812,hourly_1month
2025-09-24 01:00:00+10:00,246369.8,power,MW,1h,NEM,2025-10-19 02:29:50.625812,hourly_1month
2025-09-24 02:00:00+10:00,241147.86,power,MW,1h,NEM,2025-10-19 02:29:50.625812,hourly_1month
2025-09-24 03:00:00+10:00,234546.41,power,MW,1h,NEM,2025-10-19 02:29:50.625812,hourly_1month
2025-09-24 04:00:00+10:00,234435.35,power,MW,1h,NEM,2025-10-19 02:29:50.625812,hourly_1month
2025-09-24 05:00:00+10:00,247090.93,power,MW,1h,NEM,2025-10-19 02:29:50.625812,hourly_1month
2025-09-24 06:00:00+10:00,267444.75,power,MW,1h,NEM,2025-10-19 02:29:50.625812,hourly_1month
2025-09-24 07:00:00+10:00,268451.83,power,MW,1h,NEM,2025-10-19 02:29:50.625812,hourly_1month
2025-09-24 08:00:00+10:00,247004.11,power,MW,1h,NEM,2025-10-19 02:29:50.625812,hourly_1month
2025-09-24 09:00:00+10:00,226307.74,power,MW,1h,NEM,2025-10-19 02:29:50.625812,hourly_1month
2025-09-24 10:00:00+10:00,212874.96,power,MW,1h,NEM,2025-10-19 02:29:50.625812,hourly_1month
2025-09-24 11:00:00+10:00,200765.05,power,MW,1h,NEM,2025-10-19 02:29:50.625812,hourly_1month
2025-09-24 12:00:00+10:00,197443.79,power,MW,1h,NEM,2025-10-19 02:29:50.625812,hourly_1month
2025-09-24 13:00:00+10:00,200913.07,power,MW,1h,NEM,2025-10-19 02:29:50.625812,hourly_1month
2025-09-24 14:00:00+10:00,212204.38,power,MW,1h,NEM,2025-10-19 02:29:50.625812,hourly_1month
2025-09-24 15:00:00+10:00,234677.14,power,MW,1h,NEM,2025-10-19 02:29:50.625812,hourly_1month
2025-09-24 16:00:00+10:00,266555.41,power,MW,1h,NEM,2025-10-19 02:29:50.625812,hourly_1month
2025-09-24 17:00:00+10:00,297755.62,power,MW,1h,NEM,2025-10-19 02:29:50.625812,hourly_1month
2025-09-24 18:00:00+10:00,332235.52,power,MW,1h,NEM,2025-10-19 02:29:50.625812,hourly_1month
2025-09-24 19:00:00+10:00,324063.54,power,MW,1h,NEM,2025-10-19 02:29:50.625812,hourly_1month
2025-09-24 20:00:00+10:00,310002.94,power,MW,1h,NEM,2025-10-19 02:29:50.625812,hourly_1month
2025-09-24 21:00:00+10:00,293693.62,power,MW,1h,NEM,2025-10-19 02:29:50.625812,hourly_1month
2025-09-24 22:00:00+10:00,277675.68,power,MW,1h,NEM,2025-10-19 02:29:50.625812,hourly_1month
2025-09-24 23:00:00+10:00,264981.26,power,MW,1h,NEM,2025-10-19 02:29:50.625812,hourly_1month
2025-09-25 00:00:00+10:00,253388.88,power,MW,1h,NEM,2025-10-19 02:29:50.625812,hourly_1month
2025-09-25 01:00:00+10:00,242518.12,power,MW,1h,NEM,2025-10-19 02:29:50.625812,hourly_1month
2025-09-25 02:00:00+10:00,235279.24,power,MW,1h,NEM,2025-10-19 02:29:50.625812,hourly_1month
2025-09-25 03:00:00+10:00,233465.54,power,MW,1h,NEM,2025-10-19 02:29:50.625812,hourly_1month
2025-09-25 04:00:00+10:00,235358.99,power,MW,1h,NEM,2025-10-19 02:29:50.625812,hourly_1month
2025-09-25 05:00:00+10:00,246432.22,power,MW,1h,NEM,2025-10-19 02:29:50.625812,hourly_1month
2025-09-25 06:00:00+10:00,261620.55,power,MW,1h,NEM,2025-10-19 02:29:50.625812,hourly_1month
2025-09-25 07:00:00+10:00,260149.93,power,MW,1h,NEM,2025-10-19 02:29:50.625812,hourly_1month
2025-09-25 08:00:00+10:00,247004.62,power,MW,1h,NEM,2025-10-19 02:29:50.625812,hourly_1month
2025-09-25 09:00:00+10:00,229100.99,power,MW,1h,NEM,2025-10-19 02:29:50.625812,hourly_1month
2025-09-25 10:00:00+10:00,219109.4,power,MW,1h,NEM,2025-10-19 02:29:50.625812,hourly_1month
2025-09-25 11:00:00+10:00,213182.39,power,MW,1h,NEM,2025-10-19 02:29:50.625812,hourly_1month
2025-09-25 12:00:00+10:00,207846.56,power,MW,1h,NEM,2025-10-19 02:29:50.625812,hourly_1month
2025-09-25 13:00:00+10:00,211753.09,power,MW,1h,NEM,2025-10-19 02:29:50.625812,hourly_1month
2025-09-25 14:00:00+10:00,227394.13,power,MW,1h,NEM,2025-10-19 02:29:50.625812,hourly_1month
2025-09-25 15:00:00+10:00,244809.21,power,MW,1h,NEM,2025-10-19 02:29:50.625812,hourly_1month
2025-09-25 16:00:00+10:00,269026.12,power,MW,1h,NEM,2025-10-19 02:29:50.625812,hourly_1month
2025-09-25 17:00:00+10:00,295334.87,power,MW,1h,NEM,2025-10-19 02:29:50.625812,hourly_1month
2025-09-25 18:00:00+10:00,329846.79,power,MW,1h,NEM,2025-10-19 02:29:50.625812,hourly_1month
2025-09-25 19:00:00+10:00,322155.62,power,MW,1h,NEM,2025-10-19 02:29:50.625812,hourly_1month
2025-09-25 20:00:00+10:00,307850.24,power,MW,1h,NEM,2025-10-19 02:29:50.625812,hourly_1month
2025-09-25 21:00:00+10:00,291768.46,power,MW,1h,NEM,2025-10-19 02:29:50.625812,hourly_1month
2025-09-25 22:00:00+10:00,276769.15,power,MW,1h,NEM,2025-10-19 02:29:50.625812,hourly_1month
2025-09-25 23:00:00+10:00,263777.2,power,MW,1h,NEM,2025-10-19 02:29:50.625812,hourly_1month
2025-09-26 00:00:00+10:00,251394.62,power,MW,1h,NEM,2025-10-19 02:29:50.625812,hourly_1month
2025-09-26 01:00:00+10:00,240678.14,power,MW,1h,NEM,2025-10-19 02:29:50.625812,hourly_1month
2025-09-26 02:00:00+10:00,231973.31,power,MW,1h,NEM,2025-10-19 02:29:50.625812,hourly_1month
2025-09-26 03:00:00+10:00,228673.12,power,MW,1h,NEM,2025-10-19 02:29:50.625812,hourly_1month
2025-09-26 04:00:00+10:00,229482.89,power,MW,1h,NEM,2025-10-19 02:29:50.625812,hourly_1month
2025-09-26 05:00:00+10:00,238140.07,power,MW,1h,NEM,2025-10-19 02:29:50.625812,hourly_1month
2025-09-26 06:00:00+10:00,248940.87,power,MW,1h,NEM,2025-10-19 02:29:50.625812,hourly_1month
2025-09-26 07:00:00+10:00,247373.15,power,MW,1h,NEM,2025-10-19 02:29:50.625812,hourly_1month
2025-09-26 08:00:00+10:00,233300.72,power,MW,1h,NEM,2025-10-19 02:29:50.625812,hourly_1month
2025-09-26 09:00:00+10:00,217829.51,power,MW,1h,NEM,2025-10-19 02:29:50.625812,hourly_1month
2025-09-26 10:00:00+10:00,210770.28,power,MW,1h,NEM,2025-10-19 02:29:50.625812,hourly_1month
2025-09-26 11:00:00+10:00,205345.29,power,MW,1h,NEM,2025-10-19 02:29:50.625812,hourly_1month
2025-09-26 12:00:00+10:00,206021.91,power,MW,1h,NEM,2025-10-19 02:29:50.625812,hourly_1month
2025-09-26 13:00:00+10:00,210720.37,power,MW,1h,NEM,2025-10-19 02:29:50.625812,hourly_1month
2025-09-26 14:00:00+10:00,224540.46,power,MW,1h,NEM,2025-10-19 02:29:50.625812,hourly_1month
2025-09-26 15:00:00+10:00,242207.12,power,MW,1h,NEM,2025-10-19 02:29:50.625812,hourly_1month
2025-09-26 16:00:00+10:00,272232.66,power,MW,1h,NEM,2025-10-19 02:29:50.625812,hourly_1month
2025-09-26 17:00:00+10:00,284210.41,power,MW,1h,NEM,2025-10-19 02:29:50.625812,hourly_1month
2025-09-26 18:00:00+10:00,306790.8,power,MW,1h,NEM,2025-10-19 02:29:50.625812,hourly_1month
2025-09-26 19:00:00+10:00,301390.8,power,MW,1h,NEM,2025-10-19 02:29:50.625812,hourly_1month
2025-09-26 20:00:00+10:00,290403.46,power,MW,1h,NEM,2025-10-19 02:29:50.625812,hourly_1month
2025-09-26 21:00:00+10:00,283174.41,power,MW,1h,NEM,2025-10-19 02:29:50.625812,hourly_1month
2025-09-26 22:00:00+10:00,267712.84,power,MW,1h,NEM,2025-10-19 02:29:50.625812,hourly_1month
2025-09-26 23:00:00+10:00,255732.08,power,MW,1h,NEM,2025-10-19 02:29:50.625812,hourly_1month
2025-09-27 00:00:00+10:00,247305.88,power,MW,1h,NEM,2025-10-19 02:29:50.625812,hourly_1month
2025-09-27 01:00:00+10:00,236561.96,power,MW,1h,NEM,2025-10-19 02:29:50.625812,hourly_1month
2025-09-27 02:00:00+10:00,227829.05,power,MW,1h,NEM,2025-10-19 02:29:50.625812,hourly_1month
2025-09-27 03:00:00+10:00,222641.79,power,MW,1h,NEM,2025-10-19 02:29:50.625812,hourly_1month
2025-09-27 04:00:00+10:00,219567.7,power,MW,1h,NEM,2025-10-19 02:29:50.625812,hourly_1month
2025-09-27 05:00:00+10:00,225783.44,power,MW,1h,NEM,2025-10-19 02:29:50.625812,hourly_1month
2025-09-27 06:00:00+10:00,227453.17,power,MW,1h,NEM,2025-10-19 02:29:50.625812,hourly_1month
2025-09-27 07:00:00+10:00,225952.19,power,MW,1h,NEM,2025-10-19 02:29:50.625812,hourly_1month
2025-09-27 08:00:00+10:00,219916.02,power,MW,1h,NEM,2025-10-19 02:29:50.625812,hourly_1month
2025-09-27 09:00:00+10:00,203539.91,power,MW,1h,NEM,2025-10-19 02:29:50.625812,hourly_1month
2025-09-27 10:00:00+10:00,192094.83,power,MW,1h,NEM,2025-10-19 02:29:50.625812,hourly_1month
2025-09-27 11:00:00+10:00,189265.71,power,MW,1h,NEM,2025-10-19 02:29:50.625812,hourly_1month
2025-09-27 12:00:00+10:00,189505.71,power,MW,1h,NEM,2025-10-19 02:29:50.625812,hourly_1month
2025-09-27 13:00:00+10:00,188974.89,power,MW,1h,NEM,2025-10-19 02:29:50.625812,hourly_1month
2025-09-27 14:00:00+10:00,190460.68,power,MW,1h,NEM,2025-10-19 02:29:50.625812,hourly_1month
2025-09-27 15:00:00+10:00,209885.26,power,MW,1h,NEM,2025-10-19 02:29:50.625812,hourly_1month
2025-09-27 16:00:00+10:00,233373.82,power,MW,1h,NEM,2025-10-19 02:29:50.625812,hourly_1month
2025-09-27 17:00:00+10:00,262668.01,power,MW,1h,NEM,2025-10-19 02:29:50.625812,hourly_1month
2025-09-27 18:00:00+10:00,296287.78,power,MW,1h,NEM,2025-10-19 02:29:50.625812,hourly_1month
2025-09-27 19:00:00+10:00,286489.71,power,MW,1h,NEM,2025-10-19 02:29:50.625812,hourly_1month
2025-09-27 20:00:00+10:00,275026.93,power,MW,1h,NEM,2025-10-19 02:29:50.625812,hourly_1month
2025-09-27 21:00:00+10:00,266518.73,power,MW,1h,NEM,2025-10-19 02:29:50.625812,hourly_1month
2025-09-27 22:00:00+10:00,257435.48,power,MW,1h,NEM,2025-10-19 02:29:50.625812,hourly_1month
2025-09-27 23:00:00+10:00,250944.36,power,MW,1h,NEM,2025-10-19 02:29:50.625812,hourly_1month
2025-09-28 00:00:00+10:00,242135.57,power,MW,1h,NEM,2025-10-19 02:29:50.625812,hourly_1month
2025-09-28 01:00:00+10:00,231960.41,power,MW,1h,NEM,2025-10-19 02:29:50.625812,hourly_1month
2025-09-28 02:00:00+10:00,222638.48,power,MW,1h,NEM,2025-10-19 02:29:50.625812,hourly_1month
2025-09-28 03:00:00+10:00,217249.42,power,MW,1h,NEM,2025-10-19 02:29:50.625812,hourly_1month
2025-09-28 04:00:00+10:00,220399.71,power,MW,1h,NEM,2025-10-19 02:29:50.625812,hourly_1month
2025-09-28 05:00:00+10:00,223488.88,power,MW,1h,NEM,2025-10-19 02:29:50.625812,hourly_1month
2025-09-28 06:00:00+10:00,218512.37,power,MW,1h,NEM,2025-10-19 02:29:50.625812,hourly_1month
2025-09-28 07:00:00+10:00,209861.2,power,MW,1h,NEM,2025-10-19 02:29:50.625812,hourly_1month
2025-09-28 08:00:00+10:00,198398.7,power,MW,1h,NEM,2025-10-19 02:29:50.625812,hourly_1month
2025-09-28 09:00:00+10:00,185476.31,power,MW,1h,NEM,2025-10-19 02:29:50.625812,hourly_1month
2025-09-28 10:00:00+10:00,181623.6,power,MW,1h,NEM,2025-10-19 02:29:50.625812,hourly_1month
2025-09-28 11:00:00+10:00,176329.14,power,MW,1h,NEM,2025-10-19 02:29:50.625812,hourly_1month
2025-09-28 12:00:00+10:00,174714.79,power,MW,1h,NEM,2025-10-19 02:29:50.625812,hourly_1month
2025-09-28 13:00:00+10:00,182412.28,power,MW,1h,NEM,2025-10-19 02:29:50.625812,hourly_1month
2025-09-28 14:00:00+10:00,189727.72,power,MW,1h,NEM,2025-10-19 02:29:50.625812,hourly_1month
2025-09-28 15:00:00+10:00,209499.59,power,MW,1h,NEM,2025-10-19 02:29:50.625812,hourly_1month
2025-09-28 16:00:00+10:00,234221.93,power,MW,1h,NEM,2025-10-19 02:29:50.625812,hourly_1month
2025-09-28 17:00:00+10:00,271034.14,power,MW,1h,NEM,2025-10-19 02:29:50.625812,hourly_1month
2025-09-28 18:00:00+10:00,309168.7,power,MW,1h,NEM,2025-10-19 02:29:50.625812,hourly_1month
2025-09-28 19:00:00+10:00,308605.85,power,MW,1h,NEM,2025-10-19 02:29:50.625812,hourly_1month
2025-09-28 20:00:00+10:00,291270.46,power,MW,1h,NEM,2025-10-19 02:29:50.625812,hourly_1month
2025-09-28 21:00:00+10:00,278344.46,power,MW,1h,NEM,2025-10-19 02:29:50.625812,hourly_1month
2025-09-28 22:00:00+10:00,264336.8,power,MW,1h,NEM,2025-10-19 02:29:50.625812,hourly_1month
2025-09-28 23:00:00+10:00,257157.16,power,MW,1h,NEM,2025-10-19 02:29:50.625812,hourly_1month
2025-09-29 00:00:00+10:00,246740.9,power,MW,1h,NEM,2025-10-19 02:29:50.625812,hourly_1month
2025-09-29 01:00:00+10:00,237477.57,power,MW,1h,NEM,2025-10-19 02:29:50.625812,hourly_1month
2025-09-29 02:00:00+10:00,231580.51,power,MW,1h,NEM,2025-10-19 02:29:50.625812,hourly_1month
2025-09-29 03:00:00+10:00,228624.05,power,MW,1h,NEM,2025-10-19 02:29:50.625812,hourly_1month
2025-09-29 04:00:00+10:00,231745.78,power,MW,1h,NEM,2025-10-19 02:29:50.625812,hourly_1month
2025-09-29 05:00:00+10:00,244491.44,power,MW,1h,NEM,2025-10-19 02:29:50.625812,hourly_1month
2025-09-29 06:00:00+10:00,256432.4,power,MW,1h,NEM,2025-10-19 02:29:50.625812,hourly_1month
2025-09-29 07:00:00+10:00,258619.82,power,MW,1h,NEM,2025-10-19 02:29:50.625812,hourly_1month
2025-09-29 08:00:00+10:00,245433.59,power,MW,1h,NEM,2025-10-19 02:29:50.625812,hourly_1month
2025-09-29 09:00:00+10:00,218118.53,power,MW,1h,NEM,2025-10-19 02:29:50.625812,hourly_1month
2025-09-29 10:00:00+10:00,209424.15,power,MW,1h,NEM,2025-10-19 02:29:50.625812,hourly_1month
2025-09-29 11:00:00+10:00,205542.02,power,MW,1h,NEM,2025-10-19 02:29:50.625812,hourly_1month
2025-09-29 12:00:00+10:00,203000.26,power,MW,1h,NEM,2025-10-19 02:29:50.625812,hourly_1month
2025-09-29 13:00:00+10:00,200669.97,power,MW,1h,NEM,2025-10-19 02:29:50.625812,hourly_1month
2025-09-29 14:00:00+10:00,214378.4,power,MW,1h,NEM,2025-10-19 02:29:50.625812,hourly_1month
2025-09-29 15:00:00+10:00,244760.9,power,MW,1h,NEM,2025-10-19 02:29:50.625812,hourly_1month
2025-09-29 16:00:00+10:00,277407.89,power,MW,1h,NEM,2025-10-19 02:29:50.625812,hourly_1month
2025-09-29 17:00:00+10:00,315155.54,power,MW,1h,NEM,2025-10-19 02:29:50.625812,hourly_1month
2025-09-29 18:00:00+10:00,334253.78,power,MW,1h,NEM,2025-10-19 02:29:50.625812,hourly_1month
2025-09-29 19:00:00+10:00,320164.2,power,MW,1h,NEM,2025-10-19 02:29:50.625812,hourly_1month
2025-09-29 20:00:00+10:00,300774.78,power,MW,1h,NEM,2025-10-19 02:29:50.625812,hourly_1month
2025-09-29 21:00:00+10:00,284903.04,power,MW,1h,NEM,2025-10-19 02:29:50.625812,hourly_1month
2025-09-29 22:00:00+10:00,273942.43,power,MW,1h,NEM,2025-10-19 02:29:50.625812,hourly_1month
2025-09-29 23:00:00+10:00,260183.07,power,MW,1h,NEM,2025-10-19 02:29:50.625812,hourly_1month
2025-09-30 00:00:00+10:00,249492.96,power,MW,1h,NEM,2025-10-19 02:29:50.625812,hourly_1month
2025-09-30 01:00:00+10:00,238774.46,power,MW,1h,NEM,2025-10-19 02:29:50.625812,hourly_1month
2025-09-30 02:00:00+10:00,230796.85,power,MW,1h,NEM,2025-10-19 02:29:50.625812,hourly_1month
2025-09-30 03:00:00+10:00,227255.86,power,MW,1h,NEM,2025-10-19 02:29:50.625812,hourly_1month
2025-09-30 04:00:00+10:00,228433.89,power,MW,1h,NEM,2025-10-19 02:29:50.625812,hourly_1month
2025-09-30 05:00:00+10:00,238479.1,power,MW,1h,NEM,2025-10-19 02:29:50.625812,hourly_1month
2025-09-30 06:00:00+10:00,249397.42,power,MW,1h,NEM,2025-10-19 02:29:50.625812,hourly_1month
2025-09-30 07:00:00+10:00,259992.37,power,MW,1h,NEM,2025-10-19 02:29:50.625812,hourly_1month
2025-09-30 08:00:00+10:00,251611.53,power,MW,1h,NEM,2025-10-19 02:29:50.625812,hourly_1month
2025-09-30 09:00:00+10:00,226401.99,power,MW,1h,NEM,2025-10-19 02:29:50.625812,hourly_1month
2025-09-30 10:00:00+10:00,228067.71,power,MW,1h,NEM,2025-10-19 02:29:50.625812,hourly_1month
2025-09-30 11:00:00+10:00,221781.19,power,MW,1h,NEM,2025-10-19 02:29:50.625812,hourly_1month
2025-09-30 12:00:00+10:00,226670.71,power,MW,1h,NEM,2025-10-19 02:29:50.625812,hourly_1month
2025-09-30 13:00:00+10:00,229451.13,power,MW,1h,NEM,2025-10-19 02:29:50.625812,hourly_1month
2025-09-30 14:00:00+10:00,231462.22,power,MW,1h,NEM,2025-10-19 02:29:50.625812,hourly_1month
2025-09-30 15:00:00+10:00,255096.55,power,MW,1h,NEM,2025-10-19 02:29:50.625812,hourly_1month
2025-09-30 16:00:00+10:00,276577.05,power,MW,1h,NEM,2025-10-19 02:29:50.625812,hourly_1month
2025-09-30 17:00:00+10:00,307704.61,power,MW,1h,NEM,2025-10-19 02:29:50.625812,hourly_1month
2025-09-30 18:00:00+10:00,338831.56,power,MW,1h,NEM,2025-10-19 02:29:50.625812,hourly_1month
2025-09-30 19:00:00+10:00,327568.68,power,MW,1h,NEM,2025-10-19 02:29:50.625812,hourly_1month
2025-09-30 20:00:00+10:00,307426.54,power,MW,1h,NEM,2025-10-19 02:29:50.625812,hourly_1month
2025-09-30 21:00:00+10:00,292152.31,power,MW,1h,NEM,2025-10-19 02:29:50.625812,hourly_1month
2025-09-30 22:00:00+10:00,274617.18,power,MW,1h,NEM,2025-10-19 02:29:50.625812,hourly_1month
2025-09-30 23:00:00+10:00,263389.61,power,MW,1h,NEM,2025-10-19 02:29:50.625812,hourly_1month
2025-10-01 00:00:00+10:00,251948.82,power,MW,1h,NEM,2025-10-19 02:29:50.625812,hourly_1month
2025-10-01 01:00:00+10:00,241816.7,power,MW,1h,NEM,2025-10-19 02:29:50.625812,hourly_1month
2025-10-01 02:00:00+10:00,233022.37,power,MW,1h,NEM,2025-10-19 02:29:50.625812,hourly_1month
2025-10-01 03:00:00+10:00,227888.13,power,MW,1h,NEM,2025-10-19 02:29:50.625812,hourly_1month
2025-10-01 04:00:00+10:00,228121.21,power,MW,1h,NEM,2025-10-19 02:29:50.625812,hourly_1month
2025-10-01 05:00:00+10:00,239557.43,power,MW,1h,NEM,2025-10-19 02:29:50.625812,hourly_1month
2025-10-01 06:00:00+10:00,254799.86,power,MW,1h,NEM,2025-10-19 02:29:50.625812,hourly_1month
2025-10-01 07:00:00+10:00,259907.46,power,MW,1h,NEM,2025-10-19 02:29:50.625812,hourly_1month
2025-10-01 08:00:00+10:00,250534.4,power,MW,1h,NEM,2025-10-19 02:29:50.625812,hourly_1month
2025-10-01 09:00:00+10:00,241441.05,power,MW,1h,NEM,2025-10-19 02:29:50.625812,hourly_1month
2025-10-01 10:00:00+10:00,235151.85,power,MW,1h,NEM,2025-10-19 02:29:50.625812,hourly_1month
2025-10-01 11:00:00+10:00,231714.67,power,MW,1h,NEM,2025-10-19 02:29:50.625812,hourly_1month
2025-10-01 12:00:00+10:00,229120.22,power,MW,1h,NEM,2025-10-19 02:29:50.625812,hourly_1month
2025-10-01 13:00:00+10:00,237655.56,power,MW,1h,NEM,2025-10-19 02:29:50.625812,hourly_1month
2025-10-01 14:00:00+10:00,238380.83,power,MW,1h,NEM,2025-10-19 02:29:50.625812,hourly_1month
2025-10-01 15:00:00+10:00,250849.99,power,MW,1h,NEM,2025-10-19 02:29:50.625812,hourly_1month
2025-10-01 16:00:00+10:00,279409.85,power,MW,1h,NEM,2025-10-19 02:29:50.625812,hourly_1month
2025-10-01 17:00:00+10:00,304627.45,power,MW,1h,NEM,2025-10-19 02:29:50.625812,hourly_1month
2025-10-01 18:00:00+10:00,334190.33,power,MW,1h,NEM,2025-10-19 02:29:50.625812,hourly_1month
2025-10-01 19:00:00+10:00,325991.74,power,MW,1h,NEM,2025-10-19 02:29:50.625812,hourly_1month
2025-10-01 20:00:00+10:00,307126.36,power,MW,1h,NEM,2025-10-19 02:29:50.625812,hourly_1month
2025-10-01 21:00:00+10:00,294222.62,power,MW,1h,NEM,2025-10-19 02:29:50.625812,hourly_1month
2025-10-01 22:00:00+10:00,277365.86,power,MW,1h,NEM,2025-10-19 02:29:50.625812,hourly_1month
2025-10-01 23:00:00+10:00,266545.48,power,MW,1h,NEM,2025-10-19 02:29:50.625812,hourly_1month
2025-10-02 00:00:00+10:00,257739.28,power,MW,1h,NEM,2025-10-19 02:29:50.625812,hourly_1month
2025-10-02 01:00:00+10:00,246638.66,power,MW,1h,NEM,2025-10-19 02:29:50.625812,hourly_1month
2025-10-02 02:00:00+10:00,236205.48,power,MW,1h,NEM,2025-10-19 02:29:50.625812,hourly_1month
2025-10-02 03:00:00+10:00,231303.82,power,MW,1h,NEM,2025-10-19 02:29:50.625812,hourly_1month
2025-10-02 04:00:00+10:00,232421.88,power,MW,1h,NEM,2025-10-19 02:29:50.625812,hourly_1month
2025-10-02 05:00:00+10:00,242553.11,power,MW,1h,NEM,2025-10-19 02:29:50.625812,hourly_1month
2025-10-02 06:00:00+10:00,253264.02,power,MW,1h,NEM,2025-10-19 02:29:50.625812,hourly_1month
2025-10-02 07:00:00+10:00,254990.4,power,MW,1h,NEM,2025-10-19 02:29:50.625812,hourly_1month
2025-10-02 08:00:00+10:00,244374.07,power,MW,1h,NEM,2025-10-19 02:29:50.625812,hourly_1month
2025-10-02 09:00:00+10:00,226294.15,power,MW,1h,NEM,2025-10-19 02:29:50.625812,hourly_1month
2025-10-02 10:00:00+10:00,220395.7,power,MW,1h,NEM,2025-10-19 02:29:50.625812,hourly_1month
2025-10-02 11:00:00+10:00,227306.13,power,MW,1h,NEM,2025-10-19 02:29:50.625812,hourly_1month
2025-10-02 12:00:00+10:00,230573.0,power,MW,1h,NEM,2025-10-19 02:29:50.625812,hourly_1month
2025-10-02 13:00:00+10:00,240689.86,power,MW,1h,NEM,2025-10-19 02:29:50.625812,hourly_1month
2025-10-02 14:00:00+10:00,254191.78,power,MW,1h,NEM,2025-10-19 02:29:50.625812,hourly_1month
2025-10-02 15:00:00+10:00,272730.36,power,MW,1h,NEM,2025-10-19 02:29:50.625812,hourly_1month
2025-10-02 16:00:00+10:00,288587.3,power,MW,1h,NEM,2025-10-19 02:29:50.625812,hourly_1month
2025-10-02 17:00:00+10:00,314391.47,power,MW,1h,NEM,2025-10-19 02:29:50.625812,hourly_1month
2025-10-02 18:00:00+10:00,344702.6,power,MW,1h,NEM,2025-10-19 02:29:50.625812,hourly_1month
2025-10-02 19:00:00+10:00,340794.47,power,MW,1h,NEM,2025-10-19 02:29:50.625812,hourly_1month
2025-10-02 20:00:00+10:00,322439.88,power,MW,1h,NEM,2025-10-19 02:29:50.625812,hourly_1month
2025-10-02 21:00:00+10:00,304280.65,power,MW,1h,NEM,2025-10-19 02:29:50.625812,hourly_1month
2025-10-02 22:00:00+10:00,283270.16,power,MW,1h,NEM,2025-10-19 02:29:50.625812,hourly_1month
2025-10-02 23:00:00+10:00,269431.4,power,MW,1h,NEM,2025-10-19 02:29:50.625812,hourly_1month
2025-10-03 00:00:00+10:00,257596.0,power,MW,1h,NEM,2025-10-19 02:29:50.625812,hourly_1month
2025-10-03 01:00:00+10:00,246686.65,power,MW,1h,NEM,2025-10-19 02:29:50.625812,hourly_1month
2025-10-03 02:00:00+10:00,237790.98,power,MW,1h,NEM,2025-10-19 02:29:50.625812,hourly_1month
2025-10-03 03:00:00+10:00,232661.33,power,MW,1h,NEM,2025-10-19 02:29:50.625812,hourly_1month
2025-10-03 04:00:00+10:00,235487.79,power,MW,1h,NEM,2025-10-19 02:29:50.625812,hourly_1month
2025-10-03 05:00:00+10:00,244724.65,power,MW,1h,NEM,2025-10-19 02:29:50.625812,hourly_1month
2025-10-03 06:00:00+10:00,252951.6,power,MW,1h,NEM,2025-10-19 02:29:50.625812,hourly_1month
2025-10-03 07:00:00+10:00,252818.76,power,MW,1h,NEM,2025-10-19 02:29:50.625812,hourly_1month
2025-10-03 08:00:00+10:00,241042.28,power,MW,1h,NEM,2025-10-19 02:29:50.625812,hourly_1month
2025-10-03 09:00:00+10:00,225266.9,power,MW,1h,NEM,2025-10-19 02:29:50.625812,hourly_1month
2025-10-03 10:00:00+10:00,207523.22,power,MW,1h,NEM,2025-10-19 02:29:50.625812,hourly_1month
2025-10-03 11:00:00+10:00,201044.62,power,MW,1h,NEM,2025-10-19 02:29:50.625812,hourly_1month
2025-10-03 12:00:00+10:00,201380.53,power,MW,1h,NEM,2025-10-19 02:29:50.625812,hourly_1month
2025-10-03 13:00:00+10:00,204979.85,power,MW,1h,NEM,2025-10-19 02:29:50.625812,hourly_1month
2025-10-03 14:00:00+10:00,217840.22,power,MW,1h,NEM,2025-10-19 02:29:50.625812,hourly_1month
2025-10-03 15:00:00+10:00,238571.95,power,MW,1h,NEM,2025-10-19 02:29:50.625812,hourly_1month
2025-10-03 16:00:00+10:00,259718.13,power,MW,1h,NEM,2025-10-19 02:29:50.625812,hourly_1month
2025-10-03 17:00:00+10:00,285846.89,power,MW,1h,NEM,2025-10-19 02:29:50.625812,hourly_1month
2025-10-03 18:00:00+10:00,317002.4,power,MW,1h,NEM,2025-10-19 02:29:50.625812,hourly_1month
2025-10-03 19:00:00+10:00,316325.74,power,MW,1h,NEM,2025-10-19 02:29:50.625812,hourly_1month
2025-10-03 20:00:00+10:00,301284.61,power,MW,1h,NEM,2025-10-19 02:29:50.625812,hourly_1month
2025-10-03 21:00:00+10:00,289341.23,power,MW,1h,NEM,2025-10-19 02:29:50.625812,hourly_1month
2025-10-03 22:00:00+10:00,273854.52,power,MW,1h,NEM,2025-10-19 02:29:50.625812,hourly_1month
2025-10-03 23:00:00+10:00,263122.15,power,MW,1h,NEM,2025-10-19 02:29:50.625812,hourly_1month
2025-10-04 00:00:00+10:00,251778.24,power,MW,1h,NEM,2025-10-19 02:29:50.625812,hourly_1month
2025-10-04 01:00:00+10:00,240750.95,power,MW,1h,NEM,2025-10-19 02:29:50.625812,hourly_1month
2025-10-04 02:00:00+10:00,232175.07,power,MW,1h,NEM,2025-10-19 02:29:50.625812,hourly_1month
2025-10-04 03:00:00+10:00,226525.63,power,MW,1h,NEM,2025-10-19 02:29:50.625812,hourly_1month
2025-10-04 04:00:00+10:00,225262.52,power,MW,1h,NEM,2025-10-19 02:29:50.625812,hourly_1month
2025-10-04 05:00:00+10:00,228878.97,power,MW,1h,NEM,2025-10-19 02:29:50.625812,hourly_1month
2025-10-04 06:00:00+10:00,227606.32,power,MW,1h,NEM,2025-10-19 02:29:50.625812,hourly_1month
2025-10-04 07:00:00+10:00,222496.83,power,MW,1h,NEM,2025-10-19 02:29:50.625812,hourly_1month
2025-10-04 08:00:00+10:00,201366.31,power,MW,1h,NEM,2025-10-19 02:29:50.625812,hourly_1month
2025-10-04 09:00:00+10:00,180898.24,power,MW,1h,NEM,2025-10-19 02:29:50.625812,hourly_1month
2025-10-04 10:00:00+10:00,164861.93,power,MW,1h,NEM,2025-10-19 02:29:50.625812,hourly_1month
2025-10-04 11:00:00+10:00,159115.57,power,MW,1h,NEM,2025-10-19 02:29:50.625812,hourly_1month
2025-10-04 12:00:00+10:00,159234.71,power,MW,1h,NEM,2025-10-19 02:29:50.625812,hourly_1month
2025-10-04 13:00:00+10:00,160301.07,power,MW,1h,NEM,2025-10-19 02:29:50.625812,hourly_1month
2025-10-04 14:00:00+10:00,172638.24,power,MW,1h,NEM,2025-10-19 02:29:50.625812,hourly_1month
2025-10-04 15:00:00+10:00,201425.56,power,MW,1h,NEM,2025-10-19 02:29:50.625812,hourly_1month
2025-10-04 16:00:00+10:00,237658.29,power,MW,1h,NEM,2025-10-19 02:29:50.625812,hourly_1month
2025-10-04 17:00:00+10:00,265090.27,power,MW,1h,NEM,2025-10-19 02:29:50.625812,hourly_1month
2025-10-04 18:00:00+10:00,300264.75,power,MW,1h,NEM,2025-10-19 02:29:50.625812,hourly_1month
2025-10-04 19:00:00+10:00,295054.03,power,MW,1h,NEM,2025-10-19 02:29:50.625812,hourly_1month
2025-10-04 20:00:00+10:00,275780.49,power,MW,1h,NEM,2025-10-19 02:29:50.625812,hourly_1month
2025-10-04 21:00:00+10:00,263304.3,power,MW,1h,NEM,2025-10-19 02:29:50.625812,hourly_1month
2025-10-04 22:00:00+10:00,254108.38,power,MW,1h,NEM,2025-10-19 02:29:50.625812,hourly_1month
2025-10-04 23:00:00+10:00,247640.61,power,MW,1h,NEM,2025-10-19 02:29:50.625812,hourly_1month
2025-10-05 00:00:00+10:00,239121.75,power,MW,1h,NEM,2025-10-19 02:29:50.625812,hourly_1month
2025-10-05 01:00:00+10:00,230098.37,power,MW,1h,NEM,2025-10-19 02:29:50.625812,hourly_1month
2025-10-05 02:00:00+10:00,222595.46,power,MW,1h,NEM,2025-10-19 02:29:50.625812,hourly_1month
2025-10-05 03:00:00+10:00,219373.78,power,MW,1h,NEM,2025-10-19 02:29:50.625812,hourly_1month
2025-10-05 04:00:00+10:00,218831.46,power,MW,1h,NEM,2025-10-19 02:29:50.625812,hourly_1month
2025-10-05 05:00:00+10:00,221547.55,power,MW,1h,NEM,2025-10-19 02:29:50.625812,hourly_1month
2025-10-05 06:00:00+10:00,219007.44,power,MW,1h,NEM,2025-10-19 02:29:50.625812,hourly_1month
2025-10-05 07:00:00+10:00,211422.85,power,MW,1h,NEM,2025-10-19 02:29:50.625812,hourly_1month
2025-10-05 08:00:00+10:00,196449.59,power,MW,1h,NEM,2025-10-19 02:29:50.625812,hourly_1month
2025-10-05 09:00:00+10:00,190508.92,power,MW,1h,NEM,2025-10-19 02:29:50.625812,hourly_1month
2025-10-05 10:00:00+10:00,188898.25,power,MW,1h,NEM,2025-10-19 02:29:50.625812,hourly_1month
2025-10-05 11:00:00+10:00,187047.46,power,MW,1h,NEM,2025-10-19 02:29:50.625812,hourly_1month
2025-10-05 12:00:00+10:00,180364.01,power,MW,1h,NEM,2025-10-19 02:29:50.625812,hourly_1month
2025-10-05 13:00:00+10:00,181643.25,power,MW,1h,NEM,2025-10-19 02:29:50.625812,hourly_1month
2025-10-05 14:00:00+10:00,203331.96,power,MW,1h,NEM,2025-10-19 02:29:50.625812,hourly_1month
2025-10-05 15:00:00+10:00,228600.5,power,MW,1h,NEM,2025-10-19 02:29:50.625812,hourly_1month
2025-10-05 16:00:00+10:00,249473.7,power,MW,1h,NEM,2025-10-19 02:29:50.625812,hourly_1month
2025-10-05 17:00:00+10:00,281205.33,power,MW,1h,NEM,2025-10-19 02:29:50.625812,hourly_1month
2025-10-05 18:00:00+10:00,290906.07,power,MW,1h,NEM,2025-10-19 02:29:50.625812,hourly_1month
2025-10-05 19:00:00+10:00,280046.85,power,MW,1h,NEM,2025-10-19 02:29:50.625812,hourly_1month
2025-10-05 20:00:00+10:00,265445.48,power,MW,1h,NEM,2025-10-19 02:29:50.625812,hourly_1month
2025-10-05 21:00:00+10:00,259347.67,power,MW,1h,NEM,2025-10-19 02:29:50.625812,hourly_1month
2025-10-05 22:00:00+10:00,247832.57,power,MW,1h,NEM,2025-10-19 02:29:50.625812,hourly_1month
2025-10-05 23:00:00+10:00,241089.43,power,MW,1h,NEM,2025-10-19 02:29:50.625812,hourly_1month
2025-10-06 00:00:00+10:00,233157.37,power,MW,1h,NEM,2025-10-19 02:29:50.625812,hourly_1month
2025-10-06 01:00:00+10:00,224968.11,power,MW,1h,NEM,2025-10-19 02:29:50.625812,hourly_1month
2025-10-06 02:00:00+10:00,219100.99,power,MW,1h,NEM,2025-10-19 02:29:50.625812,hourly_1month
2025-10-06 03:00:00+10:00,217373.21,power,MW,1h,NEM,2025-10-19 02:29:50.625812,hourly_1month
2025-10-06 04:00:00+10:00,219729.32,power,MW,1h,NEM,2025-10-19 02:29:50.625812,hourly_1month
2025-10-06 05:00:00+10:00,230827.61,power,MW,1h,NEM,2025-10-19 02:29:50.625812,hourly_1month
2025-10-06 06:00:00+10:00,242946.18,power,MW,1h,NEM,2025-10-19 02:29:50.625812,hourly_1month
2025-10-06 07:00:00+10:00,277306.23,power,MW,1h,NEM,2025-10-19 02:29:50.625812,hourly_1month
2025-10-06 08:00:00+10:00,309608.63,power,MW,1h,NEM,2025-10-19 02:29:50.625812,hourly_1month
2025-10-06 09:00:00+10:00,325636.78,power,MW,1h,NEM,2025-10-19 02:29:50.625812,hourly_1month
2025-10-06 10:00:00+10:00,339280.42,power,MW,1h,NEM,2025-10-19 02:29:50.625812,hourly_1month
2025-10-06 11:00:00+10:00,350064.68,power,MW,1h,NEM,2025-10-19 02:29:50.625812,hourly_1month
2025-10-06 12:00:00+10:00,353555.66,power,MW,1h,NEM,2025-10-19 02:29:50.625812,hourly_1month
2025-10-06 13:00:00+10:00,353729.43,power,MW,1h,NEM,2025-10-19 02:29:50.625812,hourly_1month
2025-10-06 14:00:00+10:00,352484.1,power,MW,1h,NEM,2025-10-19 02:29:50.625812,hourly_1month
2025-10-06 15:00:00+10:00,337923.9,power,MW,1h,NEM,2025-10-19 02:29:50.625812,hourly_1month
2025-10-06 16:00:00+10:00,319711.0,power,MW,1h,NEM,2025-10-19 02:29:50.625812,hourly_1month
2025-10-06 17:00:00+10:00,313770.37,power,MW,1h,NEM,2025-10-19 02:29:50.625812,hourly_1month
2025-10-06 18:00:00+10:00,316932.89,power,MW,1h,NEM,2025-10-19 02:29:50.625812,hourly_1month
2025-10-06 19:00:00+10:00,307361.08,power,MW,1h,NEM,2025-10-19 02:29:50.625812,hourly_1month
2025-10-06 20:00:00+10:00,291543.96,power,MW,1h,NEM,2025-10-19 02:29:50.625812,hourly_1month
2025-10-06 21:00:00+10:00,277082.52,power,MW,1h,NEM,2025-10-19 02:29:50.625812,hourly_1month
2025-10-06 22:00:00+10:00,262299.74,power,MW,1h,NEM,2025-10-19 02:29:50.625812,hourly_1month
2025-10-06 23:00:00+10:00,252469.69,power,MW,1h,NEM,2025-10-19 02:29:50.625812,hourly_1month
2025-10-07 00:00:00+10:00,242219.27,power,MW,1h,NEM,2025-10-19 02:29:50.625812,hourly_1month
2025-10-07 01:00:00+10:00,232071.95,power,MW,1h,NEM,2025-10-19 02:29:50.625812,hourly_1month
2025-10-07 02:00:00+10:00,228405.04,power,MW,1h,NEM,2025-10-19 02:29:50.625812,hourly_1month
2025-10-07 03:00:00+10:00,229347.33,power,MW,1h,NEM,2025-10-19 02:29:50.625812,hourly_1month
2025-10-07 04:00:00+10:00,236459.22,power,MW,1h,NEM,2025-10-19 02:29:50.625812,hourly_1month
2025-10-07 05:00:00+10:00,258111.18,power,MW,1h,NEM,2025-10-19 02:29:50.625812,hourly_1month
2025-10-07 06:00:00+10:00,280217.5,power,MW,1h,NEM,2025-10-19 02:29:50.625812,hourly_1month
2025-10-07 07:00:00+10:00,304264.14,power,MW,1h,NEM,2025-10-19 02:29:50.625812,hourly_1month
2025-10-07 08:00:00+10:00,320640.86,power,MW,1h,NEM,2025-10-19 02:29:50.625812,hourly_1month
2025-10-07 09:00:00+10:00,331603.86,power,MW,1h,NEM,2025-10-19 02:29:50.625812,hourly_1month
2025-10-07 10:00:00+10:00,346208.57,power,MW,1h,NEM,2025-10-19 02:29:50.625812,hourly_1month
2025-10-07 11:00:00+10:00,355309.75,power,MW,1h,NEM,2025-10-19 02:29:50.625812,hourly_1month
2025-10-07 12:00:00+10:00,360210.94,power,MW,1h,NEM,2025-10-19 02:29:50.625812,hourly_1month
2025-10-07 13:00:00+10:00,358339.02,power,MW,1h,NEM,2025-10-19 02:29:50.625812,hourly_1month
2025-10-07 14:00:00+10:00,352002.12,power,MW,1h,NEM,2025-10-19 02:29:50.625812,hourly_1month
2025-10-07 15:00:00+10:00,338646.58,power,MW,1h,NEM,2025-10-19 02:29:50.625812,hourly_1month
2025-10-07 16:00:00+10:00,330357.53,power,MW,1h,NEM,2025-10-19 02:29:50.625812,hourly_1month
2025-10-07 17:00:00+10:00,322976.78,power,MW,1h,NEM,2025-10-19 02:29:50.625812,hourly_1month
2025-10-07 18:00:00+10:00,322116.62,power,MW,1h,NEM,2025-10-19 02:29:50.625812,hourly_1month
2025-10-07 19:00:00+10:00,313650.3,power,MW,1h,NEM,2025-10-19 02:29:50.625812,hourly_1month
2025-10-07 20:00:00+10:00,301039.92,power,MW,1h,NEM,2025-10-19 02:29:50.625812,hourly_1month
2025-10-07 21:00:00+10:00,282478.89,power,MW,1h,NEM,2025-10-19 02:29:50.625812,hourly_1month
2025-10-07 22:00:00+10:00,263305.26,power,MW,1h,NEM,2025-10-19 02:29:50.625812,hourly_1month
2025-10-07 23:00:00+10:00,254739.58,power,MW,1h,NEM,2025-10-19 02:29:50.625812,hourly_1month
2025-10-08 00:00:00+10:00,247028.09,power,MW,1h,NEM,2025-10-19 02:29:50.625812,hourly_1month
2025-10-08 01:00:00+10:00,236603.34,power,MW,1h,NEM,2025-10-19 02:29:50.625812,hourly_1month
2025-10-08 02:00:00+10:00,229768.61,power,MW,1h,NEM,2025-10-19 02:29:50.625812,hourly_1month
2025-10-08 03:00:00+10:00,228168.91,power,MW,1h,NEM,2025-10-19 02:29:50.625812,hourly_1month
2025-10-08 04:00:00+10:00,235374.46,power,MW,1h,NEM,2025-10-19 02:29:50.625812,hourly_1month
2025-10-08 05:00:00+10:00,254683.3,power,MW,1h,NEM,2025-10-19 02:29:50.625812,hourly_1month
2025-10-08 06:00:00+10:00,276397.79,power,MW,1h,NEM,2025-10-19 02:29:50.625812,hourly_1month
2025-10-08 07:00:00+10:00,299001.06,power,MW,1h,NEM,2025-10-19 02:29:50.625812,hourly_1month
2025-10-08 08:00:00+10:00,325356.57,power,MW,1h,NEM,2025-10-19 02:29:50.625812,hourly_1month
2025-10-08 09:00:00+10:00,346893.05,power,MW,1h,NEM,2025-10-19 02:29:50.625812,hourly_1month
2025-10-08 10:00:00+10:00,363097.02,power,MW,1h,NEM,2025-10-19 02:29:50.625812,hourly_1month
2025-10-08 11:00:00+10:00,375475.51,power,MW,1h,NEM,2025-10-19 02:29:50.625812,hourly_1month
2025-10-08 12:00:00+10:00,384842.62,power,MW,1h,NEM,2025-10-19 02:29:50.625812,hourly_1month
2025-10-08 13:00:00+10:00,380287.27,power,MW,1h,NEM,2025-10-19 02:29:50.625812,hourly_1month
2025-10-08 14:00:00+10:00,365991.34,power,MW,1h,NEM,2025-10-19 02:29:50.625812,hourly_1month
2025-10-08 15:00:00+10:00,356480.11,power,MW,1h,NEM,2025-10-19 02:29:50.625812,hourly_1month
2025-10-08 16:00:00+10:00,339863.53,power,MW,1h,NEM,2025-10-19 02:29:50.625812,hourly_1month
2025-10-08 17:00:00+10:00,333984.96,power,MW,1h,NEM,2025-10-19 02:29:50.625812,hourly_1month
2025-10-08 18:00:00+10:00,323522.43,power,MW,1h,NEM,2025-10-19 02:29:50.625812,hourly_1month
2025-10-08 19:00:00+10:00,311781.89,power,MW,1h,NEM,2025-10-19 02:29:50.625812,hourly_1month
2025-10-08 20:00:00+10:00,300736.77,power,MW,1h,NEM,2025-10-19 02:29:50.625812,hourly_1month
2025-10-08 21:00:00+10:00,282966.98,power,MW,1h,NEM,2025-10-19 02:29:50.625812,hourly_1month
2025-10-08 22:00:00+10:00,265913.75,power,MW,1h,NEM,2025-10-19 02:29:50.625812,hourly_1month
2025-10-08 23:00:00+10:00,255916.73,power,MW,1h,NEM,2025-10-19 02:29:50.625812,hourly_1month
2025-10-09 00:00:00+10:00,246795.19,power,MW,1h,NEM,2025-10-19 02:29:50.625812,hourly_1month
2025-10-09 01:00:00+10:00,237525.48,power,MW,1h,NEM,2025-10-19 02:29:50.625812,hourly_1month
2025-10-09 02:00:00+10:00,231893.96,power,MW,1h,NEM,2025-10-19 02:29:50.625812,hourly_1month
2025-10-09 03:00:00+10:00,229786.99,power,MW,1h,NEM,2025-10-19 02:29:50.625812,hourly_1month
2025-10-09 04:00:00+10:00,236560.92,power,MW,1h,NEM,2025-10-19 02:29:50.625812,hourly_1month
2025-10-09 05:00:00+10:00,253200.98,power,MW,1h,NEM,2025-10-19 02:29:50.625812,hourly_1month
2025-10-09 06:00:00+10:00,274045.98,power,MW,1h,NEM,2025-10-19 02:29:50.625812,hourly_1month
2025-10-09 07:00:00+10:00,296734.13,power,MW,1h,NEM,2025-10-19 02:29:50.625812,hourly_1month
2025-10-09 08:00:00+10:00,320229.0,power,MW,1h,NEM,2025-10-19 02:29:50.625812,hourly_1month
2025-10-09 09:00:00+10:00,336277.93,power,MW,1h,NEM,2025-10-19 02:29:50.625812,hourly_1month
2025-10-09 10:00:00+10:00,355511.29,power,MW,1h,NEM,2025-10-19 02:29:50.625812,hourly_1month
2025-10-09 11:00:00+10:00,363002.61,power,MW,1h,NEM,2025-10-19 02:29:50.625812,hourly_1month
2025-10-09 12:00:00+10:00,361332.57,power,MW,1h,NEM,2025-10-19 02:29:50.625812,hourly_1month
2025-10-09 13:00:00+10:00,361584.34,power,MW,1h,NEM,2025-10-19 02:29:50.625812,hourly_1month
2025-10-09 14:00:00+10:00,346656.51,power,MW,1h,NEM,2025-10-19 02:29:50.625812,hourly_1month
2025-10-09 15:00:00+10:00,336576.76,power,MW,1h,NEM,2025-10-19 02:29:50.625812,hourly_1month
2025-10-09 16:00:00+10:00,333920.27,power,MW,1h,NEM,2025-10-19 02:29:50.625812,hourly_1month
2025-10-09 17:00:00+10:00,330195.09,power,MW,1h,NEM,2025-10-19 02:29:50.625812,hourly_1month
2025-10-09 18:00:00+10:00,329738.24,power,MW,1h,NEM,2025-10-19 02:29:50.625812,hourly_1month
2025-10-09 19:00:00+10:00,319093.71,power,MW,1h,NEM,2025-10-19 02:29:50.625812,hourly_1month
2025-10-09 20:00:00+10:00,302237.92,power,MW,1h,NEM,2025-10-19 02:29:50.625812,hourly_1month
2025-10-09 21:00:00+10:00,284305.76,power,MW,1h,NEM,2025-10-19 02:29:50.625812,hourly_1month
2025-10-09 22:00:00+10:00,266958.77,power,MW,1h,NEM,2025-10-19 02:29:50.625812,hourly_1month
2025-10-09 23:00:00+10:00,256873.03,power,MW,1h,NEM,2025-10-19 02:29:50.625812,hourly_1month
2025-10-10 00:00:00+10:00,247901.48,power,MW,1h,NEM,2025-10-19 02:29:50.625812,hourly_1month
2025-10-10 01:00:00+10:00,237933.02,power,MW,1h,NEM,2025-10-19 02:29:50.625812,hourly_1month
2025-10-10 02:00:00+10:00,233127.92,power,MW,1h,NEM,2025-10-19 02:29:50.625812,hourly_1month
2025-10-10 03:00:00+10:00,232623.51,power,MW,1h,NEM,2025-10-19 02:29:50.625812,hourly_1month
2025-10-10 04:00:00+10:00,236287.13,power,MW,1h,NEM,2025-10-19 02:29:50.625812,hourly_1month
2025-10-10 05:00:00+10:00,254403.44,power,MW,1h,NEM,2025-10-19 02:29:50.625812,hourly_1month
2025-10-10 06:00:00+10:00,274129.6,power,MW,1h,NEM,2025-10-19 02:29:50.625812,hourly_1month
2025-10-10 07:00:00+10:00,297597.59,power,MW,1h,NEM,2025-10-19 02:29:50.625812,hourly_1month
2025-10-10 08:00:00+10:00,330109.56,power,MW,1h,NEM,2025-10-19 02:29:50.625812,hourly_1month
2025-10-10 09:00:00+10:00,359989.1,power,MW,1h,NEM,2025-10-19 02:29:50.625812,hourly_1month
2025-10-10 10:00:00+10:00,376885.88,power,MW,1h,NEM,2025-10-19 02:29:50.625812,hourly_1month
2025-10-10 11:00:00+10:00,378774.56,power,MW,1h,NEM,2025-10-19 02:29:50.625812,hourly_1month
2025-10-10 12:00:00+10:00,371865.0,power,MW,1h,NEM,2025-10-19 02:29:50.625812,hourly_1month
2025-10-10 13:00:00+10:00,368835.78,power,MW,1h,NEM,2025-10-19 02:29:50.625812,hourly_1month
2025-10-10 14:00:00+10:00,367324.84,power,MW,1h,NEM,2025-10-19 02:29:50.625812,hourly_1month
2025-10-10 15:00:00+10:00,367595.96,power,MW,1h,NEM,2025-10-19 02:29:50.625812,hourly_1month
2025-10-10 16:00:00+10:00,349693.14,power,MW,1h,NEM,2025-10-19 02:29:50.625812,hourly_1month
2025-10-10 17:00:00+10:00,332987.59,power,MW,1h,NEM,2025-10-19 02:29:50.625812,hourly_1month
2025-10-10 18:00:00+10:00,316913.77,power,MW,1h,NEM,2025-10-19 02:29:50.625812,hourly_1month
2025-10-10 19:00:00+10:00,302423.31,power,MW,1h,NEM,2025-10-19 02:29:50.625812,hourly_1month
2025-10-10 20:00:00+10:00,288852.35,power,MW,1h,NEM,2025-10-19 02:29:50.625812,hourly_1month
2025-10-10 21:00:00+10:00,275388.36,power,MW,1h,NEM,2025-10-19 02:29:50.625812,hourly_1month
2025-10-10 22:00:00+10:00,263629.08,power,MW,1h,NEM,2025-10-19 02:29:50.625812,hourly_1month
2025-10-10 23:00:00+10:00,254872.19,power,MW,1h,NEM,2025-10-19 02:29:50.625812,hourly_1month
2025-10-11 00:00:00+10:00,244929.38,power,MW,1h,NEM,2025-10-19 02:29:50.625812,hourly_1month
2025-10-11 01:00:00+10:00,235292.67,power,MW,1h,NEM,2025-10-19 02:29:50.625812,hourly_1month
2025-10-11 02:00:00+10:00,226682.78,power,MW,1h,NEM,2025-10-19 02:29:50.625812,hourly_1month
2025-10-11 03:00:00+10:00,222549.66,power,MW,1h,NEM,2025-10-19 02:29:50.625812,hourly_1month
2025-10-11 04:00:00+10:00,225689.79,power,MW,1h,NEM,2025-10-19 02:29:50.625812,hourly_1month
2025-10-11 05:00:00+10:00,236405.74,power,MW,1h,NEM,2025-10-19 02:29:50.625812,hourly_1month
2025-10-11 06:00:00+10:00,231173.19,power,MW,1h,NEM,2025-10-19 02:29:50.625812,hourly_1month
2025-10-11 07:00:00+10:00,228521.89,power,MW,1h,NEM,2025-10-19 02:29:50.625812,hourly_1month
2025-10-11 08:00:00+10:00,215202.64,power,MW,1h,NEM,2025-10-19 02:29:50.625812,hourly_1month
2025-10-11 09:00:00+10:00,191414.41,power,MW,1h,NEM,2025-10-19 02:29:50.625812,hourly_1month
2025-10-11 10:00:00+10:00,182338.02,power,MW,1h,NEM,2025-10-19 02:29:50.625812,hourly_1month
2025-10-11 11:00:00+10:00,181717.61,power,MW,1h,NEM,2025-10-19 02:29:50.625812,hourly_1month
2025-10-11 12:00:00+10:00,181253.56,power,MW,1h,NEM,2025-10-19 02:29:50.625812,hourly_1month
2025-10-11 13:00:00+10:00,186203.29,power,MW,1h,NEM,2025-10-19 02:29:50.625812,hourly_1month
2025-10-11 14:00:00+10:00,204593.21,power,MW,1h,NEM,2025-10-19 02:29:50.625812,hourly_1month
2025-10-11 15:00:00+10:00,234353.92,power,MW,1h,NEM,2025-10-19 02:29:50.625812,hourly_1month
2025-10-11 16:00:00+10:00,257810.17,power,MW,1h,NEM,2025-10-19 02:29:50.625812,hourly_1month
2025-10-11 17:00:00+10:00,284033.52,power,MW,1h,NEM,2025-10-19 02:29:50.625812,hourly_1month
2025-10-11 18:00:00+10:00,303905.61,power,MW,1h,NEM,2025-10-19 02:29:50.625812,hourly_1month
2025-10-11 19:00:00+10:00,300118.05,power,MW,1h,NEM,2025-10-19 02:29:50.625812,hourly_1month
2025-10-11 20:00:00+10:00,286279.19,power,MW,1h,NEM,2025-10-19 02:29:50.625812,hourly_1month
2025-10-11 21:00:00+10:00,274674.41,power,MW,1h,NEM,2025-10-19 02:29:50.625812,hourly_1month
2025-10-11 22:00:00+10:00,262138.0,power,MW,1h,NEM,2025-10-19 02:29:50.625812,hourly_1month
2025-10-11 23:00:00+10:00,249563.34,power,MW,1h,NEM,2025-10-19 02:29:50.625812,hourly_1month
2025-10-12 00:00:00+10:00,241611.46,power,MW,1h,NEM,2025-10-19 02:29:50.625812,hourly_1month
2025-10-12 01:00:00+10:00,230974.3,power,MW,1h,NEM,2025-10-19 02:29:50.625812,hourly_1month
2025-10-12 02:00:00+10:00,223729.19,power,MW,1h,NEM,2025-10-19 02:29:50.625812,hourly_1month
2025-10-12 03:00:00+10:00,220752.33,power,MW,1h,NEM,2025-10-19 02:29:50.625812,hourly_1month
2025-10-12 04:00:00+10:00,220575.33,power,MW,1h,NEM,2025-10-19 02:29:50.625812,hourly_1month
2025-10-12 05:00:00+10:00,225455.39,power,MW,1h,NEM,2025-10-19 02:29:50.625812,hourly_1month
2025-10-12 06:00:00+10:00,220701.68,power,MW,1h,NEM,2025-10-19 02:29:50.625812,hourly_1month
2025-10-12 07:00:00+10:00,221548.01,power,MW,1h,NEM,2025-10-19 02:29:50.625812,hourly_1month
2025-10-12 08:00:00+10:00,215975.41,power,MW,1h,NEM,2025-10-19 02:29:50.625812,hourly_1month
2025-10-12 09:00:00+10:00,209659.19,power,MW,1h,NEM,2025-10-19 02:29:50.625812,hourly_1month
2025-10-12 10:00:00+10:00,206547.91,power,MW,1h,NEM,2025-10-19 02:29:50.625812,hourly_1month
2025-10-12 11:00:00+10:00,199956.12,power,MW,1h,NEM,2025-10-19 02:29:50.625812,hourly_1month
2025-10-12 12:00:00+10:00,208735.46,power,MW,1h,NEM,2025-10-19 02:29:50.625812,hourly_1month
2025-10-12 13:00:00+10:00,211957.46,power,MW,1h,NEM,2025-10-19 02:29:50.625812,hourly_1month
2025-10-12 14:00:00+10:00,226259.76,power,MW,1h,NEM,2025-10-19 02:29:50.625812,hourly_1month
2025-10-12 15:00:00+10:00,241715.09,power,MW,1h,NEM,2025-10-19 02:29:50.625812,hourly_1month
2025-10-12 16:00:00+10:00,269891.72,power,MW,1h,NEM,2025-10-19 02:29:50.625812,hourly_1month
2025-10-12 17:00:00+10:00,293812.94,power,MW,1h,NEM,2025-10-19 02:29:50.625812,hourly_1month
2025-10-12 18:00:00+10:00,310742.38,power,MW,1h,NEM,2025-10-19 02:29:50.625812,hourly_1month
2025-10-12 19:00:00+10:00,299757.14,power,MW,1h,NEM,2025-10-19 02:29:50.625812,hourly_1month
2025-10-12 20:00:00+10:00,285650.7,power,MW,1h,NEM,2025-10-19 02:29:50.625812,hourly_1month
2025-10-12 21:00:00+10:00,272283.73,power,MW,1h,NEM,2025-10-19 02:29:50.625812,hourly_1month
2025-10-12 22:00:00+10:00,257464.66,power,MW,1h,NEM,2025-10-19 02:29:50.625812,hourly_1month
2025-10-12 23:00:00+10:00,249322.81,power,MW,1h,NEM,2025-10-19 02:29:50.625812,hourly_1month
2025-10-13 00:00:00+10:00,241924.1,power,MW,1h,NEM,2025-10-19 02:29:50.625812,hourly_1month
2025-10-13 01:00:00+10:00,235199.33,power,MW,1h,NEM,2025-10-19 02:29:50.625812,hourly_1month
2025-10-13 02:00:00+10:00,230275.68,power,MW,1h,NEM,2025-10-19 02:29:50.625812,hourly_1month
2025-10-13 03:00:00+10:00,229910.29,power,MW,1h,NEM,2025-10-19 02:29:50.625812,hourly_1month
2025-10-13 04:00:00+10:00,239216.23,power,MW,1h,NEM,2025-10-19 02:29:50.625812,hourly_1month
2025-10-13 05:00:00+10:00,267392.81,power,MW,1h,NEM,2025-10-19 02:29:50.625812,hourly_1month
2025-10-13 06:00:00+10:00,286048.91,power,MW,1h,NEM,2025-10-19 02:29:50.625812,hourly_1month
2025-10-13 07:00:00+10:00,269951.38,power,MW,1h,NEM,2025-10-19 02:29:50.625812,hourly_1month
2025-10-13 08:00:00+10:00,243353.65,power,MW,1h,NEM,2025-10-19 02:29:50.625812,hourly_1month
2025-10-13 09:00:00+10:00,229974.52,power,MW,1h,NEM,2025-10-19 02:29:50.625812,hourly_1month
2025-10-13 10:00:00+10:00,219337.01,power,MW,1h,NEM,2025-10-19 02:29:50.625812,hourly_1month
2025-10-13 11:00:00+10:00,203762.11,power,MW,1h,NEM,2025-10-19 02:29:50.625812,hourly_1month
2025-10-13 12:00:00+10:00,199419.32,power,MW,1h,NEM,2025-10-19 02:29:50.625812,hourly_1month
2025-10-13 13:00:00+10:00,191208.27,power,MW,1h,NEM,2025-10-19 02:29:50.625812,hourly_1month
2025-10-13 14:00:00+10:00,199139.45,power,MW,1h,NEM,2025-10-19 02:29:50.625812,hourly_1month
2025-10-13 15:00:00+10:00,227070.99,power,MW,1h,NEM,2025-10-19 02:29:50.625812,hourly_1month
2025-10-13 16:00:00+10:00,260806.63,power,MW,1h,NEM,2025-10-19 02:29:50.625812,hourly_1month
2025-10-13 17:00:00+10:00,296540.17,power,MW,1h,NEM,2025-10-19 02:29:50.625812,hourly_1month
2025-10-13 18:00:00+10:00,325596.71,power,MW,1h,NEM,2025-10-19 02:29:50.625812,hourly_1month
2025-10-13 19:00:00+10:00,318673.4,power,MW,1h,NEM,2025-10-19 02:29:50.625812,hourly_1month
2025-10-13 20:00:00+10:00,299177.05,power,MW,1h,NEM,2025-10-19 02:29:50.625812,hourly_1month
2025-10-13 21:00:00+10:00,281203.73,power,MW,1h,NEM,2025-10-19 02:29:50.625812,hourly_1month
2025-10-13 22:00:00+10:00,264707.3,power,MW,1h,NEM,2025-10-19 02:29:50.625812,hourly_1month
2025-10-13 23:00:00+10:00,254027.26,power,MW,1h,NEM,2025-10-19 02:29:50.625812,hourly_1month
2025-10-14 00:00:00+10:00,244865.41,power,MW,1h,NEM,2025-10-19 02:29:50.625812,hourly_1month
2025-10-14 01:00:00+10:00,238886.99,power,MW,1h,NEM,2025-10-19 02:29:50.625812,hourly_1month
2025-10-14 02:00:00+10:00,234451.43,power,MW,1h,NEM,2025-10-19 02:29:50.625812,hourly_1month
2025-10-14 03:00:00+10:00,230690.94,power,MW,1h,NEM,2025-10-19 02:29:50.625812,hourly_1month
2025-10-14 04:00:00+10:00,237823.1,power,MW,1h,NEM,2025-10-19 02:29:50.625812,hourly_1month
2025-10-14 05:00:00+10:00,261720.15,power,MW,1h,NEM,2025-10-19 02:29:50.625812,hourly_1month
2025-10-14 06:00:00+10:00,278152.85,power,MW,1h,NEM,2025-10-19 02:29:50.625812,hourly_1month
2025-10-14 07:00:00+10:00,269749.15,power,MW,1h,NEM,2025-10-19 02:29:50.625812,hourly_1month
2025-10-14 08:00:00+10:00,240233.98,power,MW,1h,NEM,2025-10-19 02:29:50.625812,hourly_1month
2025-10-14 09:00:00+10:00,223261.1,power,MW,1h,NEM,2025-10-19 02:29:50.625812,hourly_1month
2025-10-14 10:00:00+10:00,207408.31,power,MW,1h,NEM,2025-10-19 02:29:50.625812,hourly_1month
2025-10-14 11:00:00+10:00,197861.9,power,MW,1h,NEM,2025-10-19 02:29:50.625812,hourly_1month
2025-10-14 12:00:00+10:00,191353.76,power,MW,1h,NEM,2025-10-19 02:29:50.625812,hourly_1month
2025-10-14 13:00:00+10:00,193252.62,power,MW,1h,NEM,2025-10-19 02:29:50.625812,hourly_1month
2025-10-14 14:00:00+10:00,208864.96,power,MW,1h,NEM,2025-10-19 02:29:50.625812,hourly_1month
2025-10-14 15:00:00+10:00,230175.9,power,MW,1h,NEM,2025-10-19 02:29:50.625812,hourly_1month
2025-10-14 16:00:00+10:00,264467.38,power,MW,1h,NEM,2025-10-19 02:29:50.625812,hourly_1month
2025-10-14 17:00:00+10:00,289614.87,power,MW,1h,NEM,2025-10-19 02:29:50.625812,hourly_1month
2025-10-14 18:00:00+10:00,314044.11,power,MW,1h,NEM,2025-10-19 02:29:50.625812,hourly_1month
2025-10-14 19:00:00+10:00,309874.46,power,MW,1h,NEM,2025-10-19 02:29:50.625812,hourly_1month
2025-10-14 20:00:00+10:00,295127.27,power,MW,1h,NEM,2025-10-19 02:29:50.625812,hourly_1month
2025-10-14 21:00:00+10:00,279748.54,power,MW,1h,NEM,2025-10-19 02:29:50.625812,hourly_1month
2025-10-14 22:00:00+10:00,262292.04,power,MW,1h,NEM,2025-10-19 02:29:50.625812,hourly_1month
2025-10-14 23:00:00+10:00,255318.5,power,MW,1h,NEM,2025-10-19 02:29:50.625812,hourly_1month
2025-10-15 00:00:00+10:00,245598.93,power,MW,1h,NEM,2025-10-19 02:29:50.625812,hourly_1month
2025-10-15 01:00:00+10:00,236098.61,power,MW,1h,NEM,2025-10-19 02:29:50.625812,hourly_1month
2025-10-15 02:00:00+10:00,229677.58,power,MW,1h,NEM,2025-10-19 02:29:50.625812,hourly_1month
2025-10-15 03:00:00+10:00,229272.9,power,MW,1h,NEM,2025-10-19 02:29:50.625812,hourly_1month
2025-10-15 04:00:00+10:00,237828.24,power,MW,1h,NEM,2025-10-19 02:29:50.625812,hourly_1month
2025-10-15 05:00:00+10:00,260057.84,power,MW,1h,NEM,2025-10-19 02:29:50.625812,hourly_1month
2025-10-15 06:00:00+10:00,268391.49,power,MW,1h,NEM,2025-10-19 02:29:50.625812,hourly_1month
2025-10-15 07:00:00+10:00,251849.55,power,MW,1h,NEM,2025-10-19 02:29:50.625812,hourly_1month
2025-10-15 08:00:00+10:00,227685.68,power,MW,1h,NEM,2025-10-19 02:29:50.625812,hourly_1month
2025-10-15 09:00:00+10:00,208381.43,power,MW,1h,NEM,2025-10-19 02:29:50.625812,hourly_1month
2025-10-15 10:00:00+10:00,194675.69,power,MW,1h,NEM,2025-10-19 02:29:50.625812,hourly_1month
2025-10-15 11:00:00+10:00,189864.44,power,MW,1h,NEM,2025-10-19 02:29:50.625812,hourly_1month
2025-10-15 12:00:00+10:00,191701.05,power,MW,1h,NEM,2025-10-19 02:29:50.625812,hourly_1month
2025-10-15 13:00:00+10:00,196289.16,power,MW,1h,NEM,2025-10-19 02:29:50.625812,hourly_1month
2025-10-15 14:00:00+10:00,207051.73,power,MW,1h,NEM,2025-10-19 02:29:50.625812,hourly_1month
2025-10-15 15:00:00+10:00,226649.01,power,MW,1h,NEM,2025-10-19 02:29:50.625812,hourly_1month
2025-10-15 16:00:00+10:00,259831.39,power,MW,1h,NEM,2025-10-19 02:29:50.625812,hourly_1month
2025-10-15 17:00:00+10:00,294670.75,power,MW,1h,NEM,2025-10-19 02:29:50.625812,hourly_1month
2025-10-15 18:00:00+10:00,320363.8,power,MW,1h,NEM,2025-10-19 02:29:50.625812,hourly_1month
2025-10-15 19:00:00+10:00,312413.07,power,MW,1h,NEM,2025-10-19 02:29:50.625812,hourly_1month
2025-10-15 20:00:00+10:00,291676.21,power,MW,1h,NEM,2025-10-19 02:29:50.625812,hourly_1month
2025-10-15 21:00:00+10:00,278070.66,power,MW,1h,NEM,2025-10-19 02:29:50.625812,hourly_1month
2025-10-15 22:00:00+10:00,260382.45,power,MW,1h,NEM,2025-10-19 02:29:50.625812,hourly_1month
2025-10-15 23:00:00+10:00,251225.83,power,MW,1h,NEM,2025-10-19 02:29:50.625812,hourly_1month
2025-10-16 00:00:00+10:00,240906.97,power,MW,1h,NEM,2025-10-19 02:29:50.625812,hourly_1month
2025-10-16 01:00:00+10:00,234434.04,power,MW,1h,NEM,2025-10-19 02:29:50.625812,hourly_1month
2025-10-16 02:00:00+10:00,228635.66,power,MW,1h,NEM,2025-10-19 02:29:50.625812,hourly_1month
2025-10-16 03:00:00+10:00,228039.39,power,MW,1h,NEM,2025-10-19 02:29:50.625812,hourly_1month
2025-10-16 04:00:00+10:00,235041.96,power,MW,1h,NEM,2025-10-19 02:29:50.625812,hourly_1month
2025-10-16 05:00:00+10:00,254230.35,power,MW,1h,NEM,2025-10-19 02:29:50.625812,hourly_1month
2025-10-16 06:00:00+10:00,264041.59,power,MW,1h,NEM,2025-10-19 02:29:50.625812,hourly_1month
2025-10-16 07:00:00+10:00,260602.91,power,MW,1h,NEM,2025-10-19 02:29:50.625812,hourly_1month
2025-10-16 08:00:00+10:00,230771.54,power,MW,1h,NEM,2025-10-19 02:29:50.625812,hourly_1month
2025-10-16 09:00:00+10:00,211100.4,power,MW,1h,NEM,2025-10-19 02:29:50.625812,hourly_1month
2025-10-16 10:00:00+10:00,202148.96,power,MW,1h,NEM,2025-10-19 02:29:50.625812,hourly_1month
2025-10-16 11:00:00+10:00,205930.55,power,MW,1h,NEM,2025-10-19 02:29:50.625812,hourly_1month
2025-10-16 12:00:00+10:00,215107.4,power,MW,1h,NEM,2025-10-19 02:29:50.625812,hourly_1month
2025-10-16 13:00:00+10:00,223784.14,power,MW,1h,NEM,2025-10-19 02:29:50.625812,hourly_1month
2025-10-16 14:00:00+10:00,240979.7,power,MW,1h,NEM,2025-10-19 02:29:50.625812,hourly_1month
2025-10-16 15:00:00+10:00,262845.35,power,MW,1h,NEM,2025-10-19 02:29:50.625812,hourly_1month
2025-10-16 16:00:00+10:00,295164.13,power,MW,1h,NEM,2025-10-19 02:29:50.625812,hourly_1month
2025-10-16 17:00:00+10:00,315954.26,power,MW,1h,NEM,2025-10-19 02:29:50.625812,hourly_1month
2025-10-16 18:00:00+10:00,332002.55,power,MW,1h,NEM,2025-10-19 02:29:50.625812,hourly_1month
2025-10-16 19:00:00+10:00,319622.52,power,MW,1h,NEM,2025-10-19 02:29:50.625812,hourly_1month
2025-10-16 20:00:00+10:00,293059.39,power,MW,1h,NEM,2025-10-19 02:29:50.625812,hourly_1month
2025-10-16 21:00:00+10:00,276980.02,power,MW,1h,NEM,2025-10-19 02:29:50.625812,hourly_1month
2025-10-16 22:00:00+10:00,263822.63,power,MW,1h,NEM,2025-10-19 02:29:50.625812,hourly_1month
2025-10-16 23:00:00+10:00,253760.84,power,MW,1h,NEM,2025-10-19 02:29:50.625812,hourly_1month
2025-10-17 00:00:00+10:00,242802.29,power,MW,1h,NEM,2025-10-19 02:29:50.625812,hourly_1month
2025-10-17 01:00:00+10:00,232723.52,power,MW,1h,NEM,2025-10-19 02:29:50.625812,hourly_1month
2025-10-17 02:00:00+10:00,226969.18,power,MW,1h,NEM,2025-10-19 02:29:50.625812,hourly_1month
2025-10-17 03:00:00+10:00,225431.82,power,MW,1h,NEM,2025-10-19 02:29:50.625812,hourly_1month
2025-10-17 04:00:00+10:00,231494.54,power,MW,1h,NEM,2025-10-19 02:29:50.625812,hourly_1month
2025-10-17 05:00:00+10:00,248032.09,power,MW,1h,NEM,2025-10-19 02:29:50.625812,hourly_1month
2025-10-17 06:00:00+10:00,263392.3,power,MW,1h,NEM,2025-10-19 02:29:50.625812,hourly_1month
2025-10-17 07:00:00+10:00,265506.15,power,MW,1h,NEM,2025-10-19 02:29:50.625812,hourly_1month
2025-10-17 08:00:00+10:00,250431.27,power,MW,1h,NEM,2025-10-19 02:29:50.625812,hourly_1month
2025-10-17 09:00:00+10:00,234004.05,power,MW,1h,NEM,2025-10-19 02:29:50.625812,hourly_1month
2025-10-17 10:00:00+10:00,223586.49,power,MW,1h,NEM,2025-10-19 02:29:50.625812,hourly_1month
2025-10-17 11:00:00+10:00,213069.52,power,MW,1h,NEM,2025-10-19 02:29:50.625812,hourly_1month
2025-10-17 12:00:00+10:00,211442.76,power,MW,1h,NEM,2025-10-19 02:29:50.625812,hourly_1month
2025-10-17 13:00:00+10:00,218081.27,power,MW,1h,NEM,2025-10-19 02:29:50.625812,hourly_1month
2025-10-17 14:00:00+10:00,212794.94,power,MW,1h,NEM,2025-10-19 02:29:50.625812,hourly_1month
2025-10-17 15:00:00+10:00,255599.55,power,MW,1h,NEM,2025-10-19 02:29:50.625812,hourly_1month
2025-10-17 16:00:00+10:00,274049.67,power,MW,1h,NEM,2025-10-19 02:29:50.625812,hourly_1month
2025-10-17 17:00:00+10:00,293356.21,power,MW,1h,NEM,2025-10-19 02:29:50.625812,hourly_1month
2025-10-17 18:00:00+10:00,308394.6,power,MW,1h,NEM,2025-10-19 02:29:50.625812,hourly_1month
2025-10-17 19:00:00+10:00,304597.97,power,MW,1h,NEM,2025-10-19 02:29:50.625812,hourly_1month
2025-10-17 20:00:00+10:00,291249.94,power,MW,1h,NEM,2025-10-19 02:29:50.625812,hourly_1month
2025-10-17 21:00:00+10:00,251642.22,power,MW,1h,NEM,2025-10-19 02:29:50.625812,hourly_1month
2025-10-17 22:00:00+10:00,259814.13,power,MW,1h,NEM,2025-10-19 02:29:50.625812,hourly_1month
2025-10-17 23:00:00+10:00,250927.32,power,MW,1h,NEM,2025-10-19 02:29:50.625812,hourly_1month
2025-10-18 00:00:00+10:00,243875.31,power,MW,1h,NEM,2025-10-19 02:29:50.625812,hourly_1month
2025-10-18 01:00:00+10:00,234081.42,power,MW,1h,NEM,2025-10-19 02:29:50.625812,hourly_1month
2025-10-18 02:00:00+10:00,224986.13,power,MW,1h,NEM,2025-10-19 02:29:50.625812,hourly_1month
2025-10-18 03:00:00+10:00,222721.35,power,MW,1h,NEM,2025-10-19 02:29:50.625812,hourly_1month
2025-10-18 04:00:00+10:00,225034.68,power,MW,1h,NEM,2025-10-19 02:29:50.625812,hourly_1month
2025-10-18 05:00:00+10:00,235853.18,power,MW,1h,NEM,2025-10-19 02:29:50.625812,hourly_1month
2025-10-18 06:00:00+10:00,232900.76,power,MW,1h,NEM,2025-10-19 02:29:50.625812,hourly_1month
2025-10-18 07:00:00+10:00,224201.4,power,MW,1h,NEM,2025-10-19 02:29:50.625812,hourly_1month
2025-10-18 08:00:00+10:00,208892.76,power,MW,1h,NEM,2025-10-19 02:29:50.625812,hourly_1month
2025-10-18 09:00:00+10:00,196075.8,power,MW,1h,NEM,2025-10-19 02:29:50.625812,hourly_1month
2025-10-18 10:00:00+10:00,186320.21,power,MW,1h,NEM,2025-10-19 02:29:50.625812,hourly_1month
2025-10-18 11:00:00+10:00,174460.98,power,MW,1h,NEM,2025-10-19 02:29:50.625812,hourly_1month
2025-10-18 12:00:00+10:00,170165.89,power,MW,1h,NEM,2025-10-19 02:29:50.625812,hourly_1month
2025-10-18 13:00:00+10:00,175197.15,power,MW,1h,NEM,2025-10-19 02:29:50.625812,hourly_1month
2025-10-18 14:00:00+10:00,190012.39,power,MW,1h,NEM,2025-10-19 02:29:50.625812,hourly_1month
2025-10-18 15:00:00+10:00,214560.18,power,MW,1h,NEM,2025-10-19 02:29:50.625812,hourly_1month
2025-10-18 16:00:00+10:00,238698.7,power,MW,1h,NEM,2025-10-19 02:29:50.625812,hourly_1month
2025-10-18 17:00:00+10:00,269887.93,power,MW,1h,NEM,2025-10-19 02:29:50.625812,hourly_1month
2025-10-18 18:00:00+10:00,298010.58,power,MW,1h,NEM,2025-10-19 02:29:50.625812,hourly_1month
2025-10-18 19:00:00+10:00,289465.03,power,MW,1h,NEM,2025-10-19 02:29:50.625812,hourly_1month
2025-10-18 20:00:00+10:00,274170.69,power,MW,1h,NEM,2025-10-19 02:29:50.625812,hourly_1month
2025-10-18 21:00:00+10:00,261346.5,power,MW,1h,NEM,2025-10-19 02:29:50.625812,hourly_1month
2025-10-18 22:00:00+10:00,252053.82,power,MW,1h,NEM,2025-10-19 02:29:50.625812,hourly_1month
2025-10-18 23:00:00+10:00,245157.35,power,MW,1h,NEM,2025-10-19 02:29:50.625812,hourly_1month
2025-10-19 00:00:00+10:00,235997.38,power,MW,1h,NEM,2025-10-19 02:29:50.625812,hourly_1month
2025-10-19 01:00:00+10:00,227182.8,power,MW,1h,NEM,2025-10-19 02:29:50.625812,hourly_1month
2025-10-19 02:00:00+10:00,221032.47,power,MW,1h,NEM,2025-10-19 02:29:50.625812,hourly_1month
